"Tilda UID";Brand;SKU;Mark;Category;Title;Description;Text;Photo;Price;Quantity;"Price Old";Editions;Modifications;"External ID";"Parent UID";Characteristics:Состав;Weight;Length;Width;Height;"SEO title";"SEO descr";"FB title";"FB descr"
365694176658;;;;;"Артикул 1814";"Размеры 44-52";;https://static.tildacdn.com/tild6537-6532-4732-a463-383465353237/1814_3.jpg;;;;;;njfUkZXka7PyD44xEfMA;;;0;0;0;0;"Платье 1814";"Женское платье из натуральных тканей от белорусского производителя. Артикул 1814";;
300767799275;;1814;;;"Артикул 1814 / Синий- Синий";;;https://static.tildacdn.com/tild6537-6532-4732-a463-383465353237/1814_3.jpg;27.0000;3;;Цвет:Синий;;ZiI8elYFGsscHvT41jtz;365694176658;;0;0;0;0;;;;
503710513007;;;;;"Артикул 1964";"Размеры 52-60";;https://static.tildacdn.com/tild6434-6331-4031-b830-326638313264/1964_0.jpg;;;;;;Ee5a0iL1nsGee0XVtLm3;;"Хлопок 60%, Полиэстер 40%";0;0;0;0;"Платье 1811";"Женское платье от белорусского производителя. Размеры от 48 до 56. Артикул 1811";;
133167561902;;1964;;;"Артикул 1964 / Чёрный- Чёрный";;;https://static.tildacdn.com/tild6434-6331-4031-b830-326638313264/1964_0.jpg;23.0000;15;;Цвет:Чёрный;;zIBYdIUEXjgAKlkBkP9s;503710513007;;0;0;0;0;;;;
312309665996;;"1964 т";;;"Артикул 1964- ";;;https://static.tildacdn.com/tild3661-3962-4366-a234-636636656666/__4628_.jpg;25.0000;0;;Цвет:;;dFtiZD6rkSMKSJaGHYtx;503710513007;;0;0;0;0;;;;
947838060101;;;;;"Артикул 1770";"Размеры 46-54";;https://static.tildacdn.com/tild6138-3633-4634-b937-346131626262/1770_0.jpg;;;;;;V7lJhX5tX3ZINSMch74I;;"Хлопок 60%, Полиэстер 40%";0;0;0;0;"Женское платье 1611";"Женское платье от белорусских производителей. Подходит как на выход, так и на каждый день. Артикул 1611";;
536699568103;;1770;;;"Артикул 1770 / Серый- Серый";;;https://static.tildacdn.com/tild6138-3633-4634-b937-346131626262/1770_0.jpg;25.0000;0;;Цвет:Серый;;bd3pMcVJrnBCv5mY160k;947838060101;;0;0;0;0;;;;
287487311578;;;;;"Артикул 1940";"Размеры 46-54";;https://static.tildacdn.com/tild3939-3730-4162-b339-333761636234/1940_0.jpg;;;;;;V7lJhX5tX3ZINSMch74I;;"Хлопок 60%, Полиэстер 40%";0;0;0;0;"Женское платье 1611";"Женское платье от белорусских производителей. Подходит как на выход, так и на каждый день. Артикул 1611";;
410080230032;;1940;;;"Артикул 1940 / Бежевая клетка- Бежевая клетка";;;https://static.tildacdn.com/tild3939-3730-4162-b339-333761636234/1940_0.jpg;24.0000;1;;"Цвет:Бежевая клетка";;bd3pMcVJrnBCv5mY160k;287487311578;;0;0;0;0;;;;
133270631899;;;;;"Артикул 1954";"Размеры 44-52";;https://static.tildacdn.com/tild3230-6136-4862-b036-636363643532/__4144_.jpg;;;;;;V7lJhX5tX3ZINSMch74I;;"Хлопок 60%, Полиэстер 40%";0;0;0;0;"Женское платье 1611";"Женское платье от белорусских производителей. Подходит как на выход, так и на каждый день. Артикул 1611";;
858333647106;;1954;;;"Артикул 1954 / Синий- Синий";;;https://static.tildacdn.com/tild3230-6136-4862-b036-636363643532/__4144_.jpg;23.0000;4;;Цвет:Синий;;bd3pMcVJrnBCv5mY160k;133270631899;;0;0;0;0;;;;
297334002548;;;;;"Артикул 1843";"Размеры 52-60";;https://static.tildacdn.com/tild3034-3731-4837-b830-663133626130/__0957_.jpg;;;;;;V7lJhX5tX3ZINSMch74I;;"Хлопок 60%, Полиэстер 40%";0;0;0;0;"Женское платье 1611";"Женское платье от белорусских производителей. Подходит как на выход, так и на каждый день. Артикул 1611";;
290116230265;;1843;;;"Артикул 1843 / Сердечки на синем фоне- Сердечки на синем фоне";;;https://static.tildacdn.com/tild3034-3731-4837-b830-663133626130/__0957_.jpg;26.0000;1;;"Цвет:Сердечки на синем фоне";;bd3pMcVJrnBCv5mY160k;297334002548;;0;0;0;0;;;;
373815040288;;;;;"Артикул 1932";"Размеры 42-50";;https://static.tildacdn.com/tild3764-3864-4231-b261-353063633031/__1093_.jpg;;;;;;V7lJhX5tX3ZINSMch74I;;"Хлопок 60%, Полиэстер 40%";0;0;0;0;"Женское платье 1611";"Женское платье от белорусских производителей. Подходит как на выход, так и на каждый день. Артикул 1611";;
527848290239;;1932;;;"Артикул 1932 / Черный в лепесточки- Черный в лепесточки";;;https://static.tildacdn.com/tild3061-3139-4435-b230-383064366436/__1091_.jpg;23.0000;1;;"Цвет:Черный в лепесточки";;bd3pMcVJrnBCv5mY160k;373815040288;;0;0;0;0;;;;
208711108991;;;;;"Рубашка 139";"Размеры 42-46";;https://static.tildacdn.com/tild3861-6362-4931-b963-366533313165/__1484_.jpg;;;;;;j29L1eRehMncZe1GCTHn;;;0;0;0;0;;;;
547148635491;;139;;;"Рубашка 139 / Пудра- Пудра";;;https://static.tildacdn.com/tild3861-6362-4931-b963-366533313165/__1484_.jpg;17.0000;0;;Цвет:Пудра;;iGRkxfbDJtENeyBMg4F3;208711108991;;0;0;0;0;;;;
274223881431;;;;;"Свитер 2003";42-48;;https://static.tildacdn.com/tild3837-6335-4362-a462-373136373832/orh2129769__.jpg;;;;;;Gp6oSaGzMZkjVN5CFLvm;;;0;0;0;0;;;;
915669149201;;2003;;;"Свитер 2003 / Темно-синий- Темно-синий";;;https://static.tildacdn.com/tild3837-6335-4362-a462-373136373832/orh2129769__.jpg;15.0000;0;;Цвет:Темно-синий;;J2SiBinTIDcjOfMyxEF6;274223881431;;0;0;0;0;;;;
745181871251;;;;;"Артикул 128";"Размеры 42-48";;https://static.tildacdn.com/tild3533-3332-4131-b735-626661356438/orh2129475__.jpg;;;;;;rrKySy73TA9hcvIoDTfA;;;0;0;0;0;;;;
564656275551;;128;;;"Артикул 128 / Золотой- Золотой";;;https://static.tildacdn.com/tild3533-3332-4131-b735-626661356438/orh2129475__.jpg;20.0000;6;;Цвет:Золотой;;gTAtSskiIeGxAObYAbJf;745181871251;;0;0;0;0;;;;
782152511751;;;;;"Брюки 052";"Размеры 42-50";;https://static.tildacdn.com/tild3031-3062-4435-b630-666266333536/__1478_.jpg;;;;;;1ICPYg0yNMrl1UMEitzE;;;0;0;0;0;;;;
669940326821;;052;;;"Брюки 052 / Черный- Черный";;;https://static.tildacdn.com/tild3031-3062-4435-b630-666266333536/__1478_.jpg;14.0000;35;;Цвет:Черный;;N0OV20yzzOVJYrTPo7sD;782152511751;;0;0;0;0;;;;
157091468531;;;;;"Сарафан 2014";"Размеры 42-50";;https://static.tildacdn.com/tild6461-3034-4231-a136-613539643232/__1549_.jpg;;;;;;5MHdvif03eKMmsKaGs2y;;;0;0;0;0;;;;
393497596281;;2014;;;"Сарафан 2014 / Черная экокожа- Черная экокожа";;;https://static.tildacdn.com/tild6461-3034-4231-a136-613539643232/__1549_.jpg;21.0000;52;;"Цвет:Черная экокожа";;uYokVtzdlojoH0tbuUfA;157091468531;;0;0;0;0;;;;
120129605331;;;;;"Артикул 2007";"Размеры 46-54";;https://static.tildacdn.com/tild3065-6237-4634-b064-346632623131/__0919_.jpg;;;;;;DZtj85aZtssfVlYYgAH7;;;0;0;0;0;;;;
161409201281;;2007;;;"Артикул 2007 / Черный в крапинку- Черный в крапинку";;;https://static.tildacdn.com/tild3065-6237-4634-b064-346632623131/__0919_.jpg;24.0000;39;;"Цвет:Черный в крапинку";;b5YssJlbm0SkrL39sXvB;120129605331;;0;0;0;0;;;;
824852091991;;;;;"Артикул 131";"Размеры 42-50";;https://static.tildacdn.com/tild3239-3436-4537-a335-646230333933/201_2.jpg;;;;;;sLNGVU57YrhbAhmGi6FO;;;0;0;0;0;;;;
220080949091;;131;;;"Артикул 131 / Зеленое с черными вставками из экокожи- Зеленое с черными вставками из экокожи";;;https://static.tildacdn.com/tild3239-3436-4537-a335-646230333933/201_2.jpg;21.0000;12;;"Цвет:Зеленое с черными вставками из экокожи";;M0TkVibDTotybXzpg1eA;824852091991;;0;0;0;0;;;;
842631600241;;;;;"Артикул 129";"Размеры 42-50";;https://static.tildacdn.com/tild6234-3235-4633-b634-313430343833/orh2129388__.jpg;;;;;;Ejz9gfBAir8dImMT7jdY;;;0;0;0;0;;;;
684970335071;;129;;;"Артикул 129 / Изумруд- Изумруд";;;https://static.tildacdn.com/tild6234-3235-4633-b634-313430343833/orh2129388__.jpg;22.0000;12;;Цвет:Изумруд;;vKolDvDURKDk8Ck0kuNr;842631600241;;0;0;0;0;;;;
636605863281;;;;;"Артикул 1986";"Размеры 42-50";;https://static.tildacdn.com/tild3432-3365-4561-b734-613866323663/1986_1.jpg;;;;;;NHDKUVrrga4UrDtEkOPL;;;0;0;0;0;;;;
774555929291;;1986;;;"Артикул 1986 / Чёрный- Чёрный";;;https://static.tildacdn.com/tild3432-3365-4561-b734-613866323663/1986_1.jpg;24.0000;8;;Цвет:Чёрный;;pX0U3UNPakG1U3cTd7XJ;636605863281;;0;0;0;0;;;;
613528856651;;;;;"Артикул 1870";"Размеры 42-50";;https://static.tildacdn.com/tild6637-6635-4261-a163-323834376363/1870_4.jpg;;;;;;O7r5acM5KSsb0TnxdtPp;;;0;0;0;0;;;;
707021209411;;1870;;;"Артикул 1870 / Горчица- Горчица";;;https://static.tildacdn.com/tild6637-6635-4261-a163-323834376363/1870_4.jpg;25.0000;0;;Цвет:Горчица;;yJLI9E8I7P4feRmrvzxz;613528856651;;0;0;0;0;;;;
861708386731;;;;;"Артикул 1856";"Размеры 42-50";;https://static.tildacdn.com/tild6438-3135-4431-a537-316465623337/1856_0.jpg;;;;;;P0x9PoIRYEjHF0pHc3kd;;;0;0;0;0;;;;
468609387391;;1856;;;"Артикул 1856 / Темно-синий фон- Темно-синий фон";;;https://static.tildacdn.com/tild6438-3135-4431-a537-316465623337/1856_0.jpg;26.0000;12;;"Цвет:Темно-синий фон";;LZlOhRM52CX3txp0cvc0;861708386731;;0;0;0;0;;;;
828369104461;;;;;"Артикул 1841";"Размеры 42-50";;https://static.tildacdn.com/tild6531-3937-4761-a632-666230626331/photo_2021-03-17_121.jpeg;;;;;;eGHyCV5tNbelvRPyfLOS;;;0;0;0;0;;;;
273994049931;;1841;;;"Артикул 1841 / Бордо в белую крапинку- Бордо в белую крапинку";;;https://static.tildacdn.com/tild6531-3937-4761-a632-666230626331/photo_2021-03-17_121.jpeg;25.0000;0;;"Цвет:Бордо в белую крапинку";;OdzTnsdEhoblamf6BMts;828369104461;;0;0;0;0;;;;
363073640891;;;;;"Артикул 2016";"Размеры 42-52";;https://static.tildacdn.com/tild3138-6434-4235-b565-386432373664/__0978_.jpg;;;;;;JS5pEPhC7IJd8fYckn98;;;0;0;0;0;;;;
207083191481;;2016;;;"Артикул 2016 / Пудра- Пудра";;;https://static.tildacdn.com/tild3138-6434-4235-b565-386432373664/__0978_.jpg;25.0000;19;;Цвет:Пудра;;s0v9VFZomxfZXxNnS2pp;363073640891;;0;0;0;0;;;;
544721538021;;;;;"Юбка 147";"Размеры 44-52";;https://static.tildacdn.com/tild6362-3234-4235-b065-613337393937/__1358_.jpg;;;;;;npvzZ5jM2jSrAycXEc2L;;;0;0;0;0;;;;
885018907521;;147;;;"Юбка 147 / Хаки- Хаки";;;https://static.tildacdn.com/tild3737-3830-4065-b431-346466656533/__1366_.jpg;18.0000;10;;Цвет:Хаки;;xp5PdSG1sSKIOu7aZReo;544721538021;;0;0;0;0;;;;
868427825281;;;;;"Артикул 1975";"Размеры 44-52";;https://static.tildacdn.com/tild6531-3265-4566-b733-363063623464/1975-4--.jpg;;;;;;eoMnj3pyzfxkoF4R2L3L;;;0;0;0;0;;;;
281247436851;;1975;;;"Артикул 1975 / Голубой- Голубой";;;https://static.tildacdn.com/tild6531-3265-4566-b733-363063623464/1975-4--.jpg;25.0000;11;;Цвет:Голубой;;Z8DpjOY6zTyhnc4m6ENu;868427825281;;0;0;0;0;;;;
449285974851;;;;;"Артикул 1931";"Размеры 44-52";;https://static.tildacdn.com/tild3039-3133-4637-b131-633730613538/1931-0--.jpg;;;;;;01L2YmbZkzgoShObfOKG;;;0;0;0;0;;;;
210792091831;;1931;;;"Артикул 1931 / Голубой- Голубой";;;https://static.tildacdn.com/tild3039-3133-4637-b131-633730613538/1931-0--.jpg;23.0000;5;;Цвет:Голубой;;YOsMRornZ1IrGEDXeZDb;449285974851;;0;0;0;0;;;;
674496192501;;;;;"Артикул 1824";"Размеры 44-52";;https://static.tildacdn.com/tild3037-3765-4338-a663-656161653233/1824-1--.jpg;;;;;;pFc0pUjvlmCR758MUAlA;;;0;0;0;0;;;;
233035611731;;1824;;;"Артикул 1824 / Бежевый- Бежевый";;;https://static.tildacdn.com/tild3037-3765-4338-a663-656161653233/1824-1--.jpg;25.0000;2;;Цвет:Бежевый;;idjsHigrMOZCPzSMAJpG;674496192501;;0;0;0;0;;;;
260329357821;;;;;"Артикул 5/246";"Размеры 44-52";;https://static.tildacdn.com/tild3065-3363-4362-a336-396230623965/5_246_0_900_1200.jpg;;;;;;jVlmTl1Mx9ZvpLyYxmTD;;;0;0;0;0;;;;
524478164081;;5/246;;;"Артикул 5/246 / Серая в горчичную полоску- Серая в горчичную полоску";;;https://static.tildacdn.com/tild3065-3363-4362-a336-396230623965/5_246_0_900_1200.jpg;23.0000;0;;"Цвет:Серая в горчичную полоску";;NnlzvPxJFLC8OylTpiGi;260329357821;;0;0;0;0;;;;
589793395381;;;;;"Блузка 2004";"Размеры 44-54";;https://static.tildacdn.com/tild3733-3664-4332-b565-333261643130/__1614_.jpg;;;;;;1Y3YBi8XxVrOTfa8X4aF;;;0;0;0;0;;;;
373321713451;;2004;;;"Блузка 2004 / Белый- Белый";;;https://static.tildacdn.com/tild3733-3664-4332-b565-333261643130/__1614_.jpg;15.0000;18;;Цвет:Белый;;sF6nH99NipN2yLXhf1Xo;589793395381;;0;0;0;0;;;;
853103158411;;;;;"Артикул 2027";"Размеры 46-52";;https://static.tildacdn.com/tild3966-6366-4330-a264-383061366338/__1556_.jpg;;;;;;k4OzvI5JD3HPsc1htsKY;;;0;0;0;0;;;;
218415885261;;2027;;;"Артикул 2027 / Василек- Василек";;;https://static.tildacdn.com/tild3966-6366-4330-a264-383061366338/__1556_.jpg;21.0000;8;;Цвет:Василек;;6syMPeiLHcXili01YgtG;853103158411;;0;0;0;0;;;;
699366757661;;;;;"Артикул 1990";"Размеры 46-52";;https://static.tildacdn.com/tild3833-3536-4662-a430-633838376330/1990_7.jpg;;;;;;TNY5eH4DtP3ysh91CZgC;;;0;0;0;0;;;;
479909464171;;1990;;;"Артикул 1990 / Черный- Черный";;;https://static.tildacdn.com/tild3833-3536-4662-a430-633838376330/1990_7.jpg;21.0000;7;;Цвет:Черный;;TI8lY1GEt8uGiN7olZF0;699366757661;;0;0;0;0;;;;
311125398461;;;;;"Блузка 2029";"Размеры 46-54";;https://static.tildacdn.com/tild3232-3439-4534-b532-616438323363/__1261_.jpg;;;;;;69C9feZGDIUpsHydTP9s;;;0;0;0;0;;;;
671245858351;;2029;;;"Блузка 2029 / В лепесточек- В лепесточек";;;https://static.tildacdn.com/tild3232-3439-4534-b532-616438323363/__1261_.jpg;10.0000;25;;"Цвет:В лепесточек";;78DF5T1FbXjXnXkcurOL;311125398461;;0;0;0;0;;;;
556972761621;;;;;"Костюм 2028";"Размеры 46-54";;https://static.tildacdn.com/tild3331-6332-4866-a161-376365666233/__1201_.jpg;;;;;;0ctzKAEaS4yaA9ovKPiD;;;0;0;0;0;;;;
686727135191;;2028;;;"Костюм 2028 / Хаки- Хаки";;;https://static.tildacdn.com/tild3331-6332-4866-a161-376365666233/__1201_.jpg;30.0000;10;;Цвет:Хаки;;KoZdxxS9CYsJhiVAjxB5;556972761621;;0;0;0;0;;;;
141406564611;;;;;"Артикул 2015";"Размеры 46-54";;https://static.tildacdn.com/tild3030-3563-4262-b264-343937333531/__1039_.jpg;;;;;;g6E8rOKBLDuhnFi5uC3P;;;0;0;0;0;;;;
757089015341;;2015;;;"Артикул 2015 / Хаки- Хаки";;;https://static.tildacdn.com/tild3030-3563-4262-b264-343937333531/__1039_.jpg;25.0000;12;;Цвет:Хаки;;tuTrdLe9hL4Ihr72lgxH;141406564611;;0;0;0;0;;;;
518452467431;;;;;"Артикул 1993";"Размеры 46-54";;https://static.tildacdn.com/tild6634-3639-4663-a362-373438626365/1993_900-1200.jpg;;;;;;EpuoJkRoM6MRNlpT7UNu;;;0;0;0;0;;;;
962424725791;;1993;;;"Артикул 1993 / Оливка- Оливка";;;https://static.tildacdn.com/tild6634-3639-4663-a362-373438626365/1993_900-1200.jpg;23.0000;0;;Цвет:Оливка;;4SKCPeZxL5RVlNaBKYpS;518452467431;;0;0;0;0;;;;
305693047671;;;;;"Рубашка 138";"Размеры 46-60";;https://static.tildacdn.com/tild6264-3666-4235-b238-303533646139/__1454_.jpg;;;;;;9dGRC7joR4uUbKpnfxXP;;;0;0;0;0;;;;
576517557811;;138;;;"Рубашка 138 / Белый- Белый";;;https://static.tildacdn.com/tild6264-3666-4235-b238-303533646139/__1454_.jpg;15.0000;27;;Цвет:Белый;;N6rAbVJkhYICzVcB9cc1;305693047671;;0;0;0;0;;;;
886251819291;;;;;"Юбка 2001";"Размеры 46-54";;https://static.tildacdn.com/tild3433-6534-4431-b464-313337386634/----.jpg;;;;;;rpOgM2esbuG3crG3ceuP;;;0;0;0;0;;;;
876301749031;;2001;;;"Юбка 2001 / Серый- Серый";;;https://static.tildacdn.com/tild3433-6534-4431-b464-313337386634/----.jpg;14.0000;4;;Цвет:Серый;;CLsIvhYS9LUFPJC41ueb;886251819291;;0;0;0;0;;;;
308257173341;;;;;"Артикул 137";"Размеры 44-52";;https://static.tildacdn.com/tild3964-3334-4434-b265-303663373563/137___.jpeg;;;;;;EfbSCmdtbh8GPopK8Ybr;;;0;0;0;0;;;;
895489131641;;137;;;"Артикул 137 / Изумруд- Изумруд";;;https://static.tildacdn.com/tild3964-3334-4434-b265-303663373563/137___.jpeg;24.0000;0;;Цвет:Изумруд;;dSIjgfMyxpG64XmVkuaZ;308257173341;;0;0;0;0;;;;
481345219731;;;;;"Блузка 1996";"Размеры 46-54";;https://static.tildacdn.com/tild3036-3966-4239-b961-613465323464/orh2129507__.jpg;;;;;;MmhtpH4uExrLVebM5M5K;;;0;0;0;0;;;;
393670458231;;1996;;;"Блузка 1996 / Серая клетка- Серая клетка";;;https://static.tildacdn.com/tild3036-3966-4239-b961-613465323464/orh2129507__.jpg;17.0000;4;;"Цвет:Серая клетка";;IPOM2Bk5FohL1DuSI79p;481345219731;;0;0;0;0;;;;
226807163321;;;;;"Артикул 1976";"Размеры 46-54";;https://static.tildacdn.com/tild3966-6131-4231-a565-363132356262/1976_1.jpg;;;;;;hV5eDR8hOfOxA88jLcnN;;;0;0;0;0;;;;
679778285431;;1976;;;"Артикул 1976 / Морской- Морской";;;https://static.tildacdn.com/tild3966-6131-4231-a565-363132356262/1976_1.jpg;21.0000;4;;Цвет:Морской;;JgxhM0JPaoru7FJrY0Ka;226807163321;;0;0;0;0;;;;
687114211141;;;;;"Артикул 1968";"Размеры 46-54";;https://static.tildacdn.com/tild6130-3734-4332-b831-343463323135/orh2129601__.jpg;;;;;;pE8PDChtrrjZLkE5kk65;;;0;0;0;0;;;;
890914600201;;1968;;;"Артикул 1968 / Серый- Серый";;;https://static.tildacdn.com/tild6130-3734-4332-b831-343463323135/orh2129601__.jpg;24.0000;0;;Цвет:Серый;;HpXE8iMNObGFaB2euzTL;687114211141;;0;0;0;0;;;;
642368133871;;;;;"Артикул 1936";"Размеры 46-54";;https://static.tildacdn.com/tild3263-3834-4461-a439-303730636362/1936--900_1200.jpg;;;;;;cSleZ2xfgsR1YJ2R588l;;;0;0;0;0;;;;
217087697021;;1936;;;"Артикул 1936 / Пудра- Пудра";;;https://static.tildacdn.com/tild3263-3834-4461-a439-303730636362/1936--900_1200.jpg;25.0000;0;;Цвет:Пудра;;hieYTJffy7Lu6Hd3g7ds;642368133871;;0;0;0;0;;;;
664656499231;;;;;"Артикул 1933";"Размеры 46-54";;https://static.tildacdn.com/tild3239-6436-4862-b338-663563383662/__0855_.jpg;;;;;;ritZDjJYZ29j4IeJbfR4;;;0;0;0;0;;;;
110391701261;;1933;;;"Артикул 1933 / Зелень- Зелень";;;https://static.tildacdn.com/tild3239-6436-4862-b338-663563383662/__0855_.jpg;24.0000;10;;Цвет:Зелень;;2lOuBBKL0NRYy39LiE8e;664656499231;;0;0;0;0;;;;
927065319911;;;;;"Артикул 1836";"Размеры 46-54";;https://static.tildacdn.com/tild6533-6362-4464-b139-316237613666/__0931_.jpg;;;;;;k4syJDokvd8gFLyoK8iG;;;0;0;0;0;;;;
892275844451;;1836;;;"Артикул 1836 / Сердечки на синем фоне- Сердечки на синем фоне";;;https://static.tildacdn.com/tild6533-6362-4464-b139-316237613666/__0931_.jpg;25.0000;24;;"Цвет:Сердечки на синем фоне";;8KZxvc65Up6BUouOBijy;927065319911;;0;0;0;0;;;;
541219520941;;;;;"Юбка 5/520";"Размеры 46-54";Эко-кожа;https://static.tildacdn.com/tild3537-3634-4932-b164-313162633134/5520_3.jpg;;;;;;bkVhtpkhCcmDRUCPNhyb;;;0;0;0;0;;;;
350280925201;;5/520;;;"Юбка 5/520 / Черный- Черный";;;https://static.tildacdn.com/tild3537-3634-4932-b164-313162633134/5520_3.jpg;13.0000;5;;Цвет:Черный;;S3m2p7gd60cfgn3EBLIg;541219520941;;0;0;0;0;;;;
292326676301;;;;;"Артикул 1810";"Размеры 46-54";;https://static.tildacdn.com/tild6531-3665-4632-b530-313664323534/orh2129333__.jpg;;;;;;fiEeDe0kE8JMcl0u7sJB;;;0;0;0;0;;;;
819652906091;;1810;;;"Артикул 1810 / Синий- Синий";;;https://static.tildacdn.com/tild6531-3665-4632-b530-313664323534/orh2129333__.jpg;24.0000;13;;Цвет:Синий;;Sggk7grcN2nlodR8uAlN;292326676301;;0;0;0;0;;;;
468105027791;;;;;"Юбка 5/426";"Размеры 46-54";;https://static.tildacdn.com/tild3935-6136-4961-b437-393438363435/5426_46.jpg;;;;;;KpflCY2Xi3AKnkdCjfrl;;;0;0;0;0;;;;
219292928621;;5/426;;;"Юбка 5/426 / Красный- Красный";;;https://static.tildacdn.com/tild3935-6136-4961-b437-393438363435/5426_46.jpg;12.0000;0;;Цвет:Красный;;TURabBIz5lZ5Nr6XhZFD;468105027791;;0;0;0;0;;;;
828513993411;;;;;"Артикул 1559";"Размеры 46-54";;https://static.tildacdn.com/tild3932-3735-4134-b933-663631306130/1559.jpg;;;;;;JhhLLBx6F7SVz2J21FX4;;;0;0;0;0;;;;
905375666431;;1559;;;"Артикул 1559 / Синий- Синий";;;https://static.tildacdn.com/tild3932-3735-4134-b933-663631306130/1559.jpg;24.0000;0;;Цвет:Синий;;PSGuUloJMPs6oOzb177M;828513993411;;0;0;0;0;;;;
969673404751;;;;;"Артикул 1291";"Размеры 46-54";;https://static.tildacdn.com/tild6234-6639-4762-b434-613338313137/1291.jpg;;;;;;vOxFpg92fxyYxvs0axOa;;;0;0;0;0;;;;
279654428791;;1291;;;"Артикул 1291 / Полоска- Полоска";;;https://static.tildacdn.com/tild6234-6639-4762-b434-613338313137/1291.jpg;27.0000;0;;Цвет:Полоска;;r8EyFcgkIAyD6Aeo07aA;969673404751;;0;0;0;0;;;;
788038365201;;;;;"Блузка 1937";"Размеры 46-56";;https://static.tildacdn.com/tild6263-6266-4631-b465-346232643535/__1474_.jpg;;;;;;gpASLCLmh3nvkpx929GV;;;0;0;0;0;;;;
880484301631;;1937;;;"Блузка 1937 / Белый- Белый";;;https://static.tildacdn.com/tild6263-6266-4631-b465-346232643535/__1474_.jpg;15.0000;0;;Цвет:Белый;;uFRj2EFXCctmT0npYhaT;788038365201;;0;0;0;0;;;;
827456877471;;;;;"Блузка-топ 1907";"Размеры 46-56";;https://static.tildacdn.com/tild6665-3066-4230-b735-333866643166/__1415_.jpg;;;;;;7SUYMM3VguhsKK8oGbNS;;;0;0;0;0;;;;
905107086241;;1907;;;"Блузка-топ 1907 / Синий- Синий";;;https://static.tildacdn.com/tild6665-3066-4230-b735-333866643166/__1415_.jpg;11.0000;24;;Цвет:Синий;;6jhm11XLurJHmLmLzOR6;827456877471;;0;0;0;0;;;;
410442412851;;;;;Брюки1906;46-56;;;;;;;;bXUXpnkiyi3ROhUeRchF;;;0;0;0;0;;;;
355656985561;;1906;;;"Брюки1906 / Черный- Черный";;;;14.0000;0;;Цвет:Черный;;F8vdiSkvENIZUARNHpeL;410442412851;;0;0;0;0;;;;
385364196481;;;;;"Артикул 149";"Размеры 48-54";;https://static.tildacdn.com/tild3438-3038-4937-b163-643661386236/__1063_.jpg;;;;;;yCRjlo7XjMEll8sp29JT;;;0;0;0;0;;;;
501044096971;;149;;;"Артикул 149 / Бежевый- Бежевый";;;https://static.tildacdn.com/tild3536-6262-4061-b466-626431343537/__1060_.jpg;23.0000;8;;Цвет:Бежевый;;AnupuBeJkyl2AeHHp8nU;385364196481;;0;0;0;0;;;;
276897397461;;;;;"Артикул 2009";"Размеры 48-56";;https://static.tildacdn.com/tild3236-3132-4564-a335-643861346131/__1112_.jpg;;;;;;iHJ5TLY59o2x6gg14ZZK;;;0;0;0;0;;;;
863485393991;;2009;;;"Артикул 2009 / Рыжий- Рыжий";;;https://static.tildacdn.com/tild3236-3132-4564-a335-643861346131/__1112_.jpg;25.0000;45;;Цвет:Рыжий;;VCRS8taTeND6XMjg3Ouo;276897397461;;0;0;0;0;;;;
700484892141;;;;;"Артикул 2008";"Размеры 48-56";;https://static.tildacdn.com/tild3363-3736-4163-a339-346231373534/__0953_.jpg;;;;;;XptnFhlpMCL0mG5dXPI0;;;0;0;0;0;;;;
583080817871;;2008;;;"Артикул 2008 / Черный- Черный";;;https://static.tildacdn.com/tild3363-3736-4163-a339-346231373534/__0953_.jpg;22.0000;15;;Цвет:Черный;;ynSNzkNdVjFHRrAzn3ce;700484892141;;0;0;0;0;;;;
442149352721;;;;;"Артикул 1910";"Размеры 48-56";;https://static.tildacdn.com/tild3535-3939-4366-a430-396531333730/1910_1.jpg;;;;;;jiydMEGovdmmGBMv8duk;;;0;0;0;0;;;;
235947807541;;1910;;;"Артикул 1910 / Пудра- Пудра";;;https://static.tildacdn.com/tild3535-3939-4366-a430-396531333730/1910_1.jpg;23.0000;25;;Цвет:Пудра;;zso3gCNLauh51iX7v1Pc;442149352721;;0;0;0;0;;;;
483354856951;;;;;"Блузка 1874";"Размеры 48-56";;https://static.tildacdn.com/tild3764-3034-4037-a465-313663353336/1874_0.jpg;;;;;;g5d3dDCmYx7K7HFlNDlB;;;0;0;0;0;;;;
870091998521;;1874;;;"Блузка 1874 / Цветы и бабочки на сером фоне- Цветы и бабочки на сером фоне";;;https://static.tildacdn.com/tild3764-3034-4037-a465-313663353336/1874_0.jpg;14.0000;0;;"Цвет:Цветы и бабочки на сером фоне";;B7imv0ljmjGEbjgcks9o;483354856951;;0;0;0;0;;;;
122126991941;;;;;"Артикул 1853";"Размеры 48-56";;https://static.tildacdn.com/tild6236-3266-4631-b537-393666343565/1853-1---.jpg;;;;;;bpnlvxtF1nVGzlf1gvl5;;;0;0;0;0;;;;
379174293381;;1853;;;"Артикул 1853 / Темно-синий- Темно-синий";;;https://static.tildacdn.com/tild6236-3266-4631-b537-393666343565/1853-1---.jpg;33.0000;40;;Цвет:Темно-синий;;iKRMOlp9cKiIB5VnY44X;122126991941;;0;0;0;0;;;;
282366165291;;;;;"Артикул 1694";"Размеры 46-56";"Пиджак 1694, брюки 1906";https://static.tildacdn.com/tild3330-3232-4638-a266-393363313364/1694_1_900_1200.png;;;;;;JGsygrSpduibmke1FzEi;;;0;0;0;0;;;;
448418597671;;1694;;;"Артикул 1694 / Красный- Красный";;;https://static.tildacdn.com/tild3330-3232-4638-a266-393363313364/1694_1_900_1200.png;20.0000;2;;Цвет:Красный;;e9chYzXm3r0bKFZMooJa;282366165291;;0;0;0;0;;;;
466310505171;;;;;"Артикул 1981";"Размеры 50-58";;https://static.tildacdn.com/tild3632-6631-4436-b861-393434333130/1981_2.jpg;;;;;;ZZ78eDctaefX7xpd0daU;;;0;0;0;0;;;;
679873865161;;1981;;;"Артикул 1981 / Чёрный- Чёрный";;;https://static.tildacdn.com/tild3632-6631-4436-b861-393434333130/1981_2.jpg;24.0000;0;;Цвет:Чёрный;;prhOmEcVBDpdZGzct3Cd;466310505171;;0;0;0;0;;;;
113745386321;;;;;"Блузка-рубашка 148";"Размеры 50-60";;https://static.tildacdn.com/tild6364-3331-4936-a337-353530346362/__1652_.jpg;;;;;;ISyN1gYxSs4pbGi4FdTC;;;0;0;0;0;;;;
483786867391;;148;;;"Блузка-рубашка 148 / Черный- Черный";;;https://static.tildacdn.com/tild6364-3331-4936-a337-353530346362/__1652_.jpg;15.0000;0;;Цвет:Черный;;HXR5dumDML10Ho2fM3AN;113745386321;;0;0;0;0;;;;
414155163301;;;;;"Артикул 2002";"Размеры 40-46";;https://static.tildacdn.com/tild6130-3634-4133-b962-386337633533/__1161_.jpg;;;;;;P8IjUupFfKydhJEdLRa2;;;0;0;0;0;;;;
826153474161;;2002;;;"Артикул 2002 / Хаки- Хаки";;;https://static.tildacdn.com/tild6130-3634-4133-b962-386337633533/__1161_.jpg;21.0000;0;;Цвет:Хаки;;8VaIHK6dLpNbp68dS6LT;414155163301;;0;0;0;0;;;;
103736800451;;;;;"Артикул 1975";"Размеры 44-52";;https://static.tildacdn.com/tild6265-6633-4138-b033-366437656433/1975-4--.jpg;;;;;;yB01IZzR0lDvzNxGoOcA;;;0;0;0;0;;;;
154052669601;;1975;;;"Артикул 1975 / Бежевый- Бежевый";;;https://static.tildacdn.com/tild6265-6633-4138-b033-366437656433/1975-4--.jpg;25.0000;11;;Цвет:Бежевый;;znNDZUXyeON4U6HaRjVk;103736800451;;0;0;0;0;;;;
923065413831;;;;;"Артикул 1933";"Размеры 46-54";;https://static.tildacdn.com/tild6434-3163-4531-b732-393435613137/__0870_.jpg;;;;;;lBtr1C3ZkyJG8iOJxNU0;;;0;0;0;0;;;;
544699727901;;1933;;;"Артикул 1933 / Пудра- Пудра";;;https://static.tildacdn.com/tild6434-3163-4531-b732-393435613137/__0870_.jpg;24.0000;10;;Цвет:Пудра;;RaI6e2y5F5duYeixovBG;923065413831;;0;0;0;0;;;;
961015709171;;;;;"Артикул 1933";"Размеры 46-54";;https://static.tildacdn.com/tild6138-3838-4438-b232-636361333434/__0934_.jpg;;;;;;ToSb5ASff7rudEnIsFJp;;;0;0;0;0;;;;
926213575051;;1933;;;"Артикул 1933 / Хаки- Хаки";;;https://static.tildacdn.com/tild6138-3838-4438-b232-636361333434/__0934_.jpg;24.0000;10;;Цвет:Хаки;;zDP15tAOaUsucn7FEncY;961015709171;;0;0;0;0;;;;
797028279181;;;;;"Артикул 1932";"Размеры 42-50";;https://static.tildacdn.com/tild6361-6361-4264-a635-396537316332/orh2129521__.jpg;;;;;;vG9TLJ0PRE9yvxMinaKx;;"Хлопок 60%, Полиэстер 40%";0;0;0;0;"Женское платье 1611";"Женское платье от белорусских производителей. Подходит как на выход, так и на каждый день. Артикул 1611";;
389796313921;;1932;;;"Артикул 1932 / Черный с легким блеском- Черный с легким блеском";;;https://static.tildacdn.com/tild6361-6361-4264-a635-396537316332/orh2129521__.jpg;23.0000;10;;"Цвет:Черный с легким блеском";;p0yNl80yyPiacb9G00TY;797028279181;;0;0;0;0;;;;
679769692281;;;;;"Артикул 1836";"Размеры 46-54";;https://static.tildacdn.com/tild3063-6132-4763-a338-393665396233/photo_2021-03-04_131.jpeg;;;;;;ANHoiZTDncyY7sXcK18Z;;;0;0;0;0;;;;
850276295491;;1836;;;"Артикул 1836 / Веточки- Веточки";;;https://static.tildacdn.com/tild3063-6132-4763-a338-393665396233/photo_2021-03-04_131.jpeg;25.0000;24;;Цвет:Веточки;;nZXoouC6BJ1zTCKoJhlp;679769692281;;0;0;0;0;;;;
495703979491;;;;;"Рубашка 139";"Размеры 42-46";;https://static.tildacdn.com/tild3131-3234-4666-a566-313138313131/139--.jpg;;;;;;Bbu8MDmk9NgaBhgiEHrf;;;0;0;0;0;;;;
211096812051;;139;;;"Рубашка 139 / Бежевый- Бежевый";;;https://static.tildacdn.com/tild3131-3234-4666-a566-313138313131/139--.jpg;17.0000;0;;Цвет:Бежевый;;y383CA0hvRM8lSc71CDX;495703979491;;0;0;0;0;;;;
174355892221;;;;;"Рубашка 138";"Размеры 46-60";;https://static.tildacdn.com/tild3462-3534-4434-b232-313434373366/__1590_.jpg;;;;;;UazOe7Dg3SDHzACsk802;;;0;0;0;0;;;;
421936042301;;138;;;"Рубашка 138 / Черный- Черный";;;https://static.tildacdn.com/tild3462-3534-4434-b232-313434373366/__1590_.jpg;15.0000;27;;Цвет:Черный;;O6ZL6zORhihxPC8vnfii;174355892221;;0;0;0;0;;;;
447911523011;;;;;"Рубашка 138";"Размеры 46-60";;https://static.tildacdn.com/tild3433-6435-4835-a436-613833626539/__1655_.jpg;;;;;;bGYMo3ZD1dO7KDOdDEFD;;;0;0;0;0;;;;
890118969591;;138;;;"Рубашка 138 / Голубой- Голубой";;;https://static.tildacdn.com/tild3433-6435-4835-a436-613833626539/__1655_.jpg;15.0000;27;;Цвет:Голубой;;INFHXitepUf7pyYm45n3;447911523011;;0;0;0;0;;;;
816555408081;;;;;"Артикул 1665";"Размеры 48-56";;https://static.tildacdn.com/tild6337-6163-4632-a334-653462613761/1665_0_900_1200.jpg;;;;;;L99cF0F5ksdBdxIENRio;;;0;0;0;0;;;;
593495821851;;1665;;;"Артикул 1665 / Голубой- Голубой";;;https://static.tildacdn.com/tild6337-6163-4632-a334-653462613761/1665_0_900_1200.jpg;25.0000;0;;Цвет:Голубой;;bMoEx1XkXKCeAKtUsUiO;816555408081;;0;0;0;0;;;;
274955361861;;;;;"Блузка 2004";"Размеры 44-54";;https://static.tildacdn.com/tild6461-3836-4234-b134-666135626166/__1628_.jpg;;;;;;84FLxbRiYVkr2nTUa6i6;;;0;0;0;0;;;;
242229169521;;2004;;;"Блузка 2004 / Черный- Черный";;;https://static.tildacdn.com/tild6461-3836-4234-b134-666135626166/__1628_.jpg;15.0000;18;;Цвет:Черный;;FRTZyYya2o8hzX7YJSKp;274955361861;;0;0;0;0;;;;
444280842311;;;;;"Артикул 129";"Размеры 42-52";;https://static.tildacdn.com/tild6437-6136-4135-b433-316461383666/129--.jpg;;;;;;tCY55O41xpZFNzUUfjAA;;;0;0;0;0;;;;
250371211141;;129;;;"Артикул 129 / Джинс- Джинс";;;https://static.tildacdn.com/tild6437-6136-4135-b433-316461383666/129--.jpg;22.0000;12;;Цвет:Джинс;;mA2fkFTkt9ai98ZElxtP;444280842311;;0;0;0;0;;;;
936635911341;;;;;"Артикул 129";"Размеры 42-52";;https://static.tildacdn.com/tild6562-3237-4832-b838-383030663362/129--.jpg;;;;;;raDJclv8J8F44MhS372s;;;0;0;0;0;;;;
976234636121;;129;;;"Артикул 129 / Золотой- Золотой";;;https://static.tildacdn.com/tild6562-3237-4832-b838-383030663362/129--.jpg;22.0000;12;;Цвет:Золотой;;F9NfZfXy0UPHkpULyGVh;936635911341;;0;0;0;0;;;;
665926763451;;;;;"Артикул 129";"Размеры 42-52";;https://static.tildacdn.com/tild3663-6336-4563-a366-613131346266/129--.jpg;;;;;;lxvBOYyeUHTaddHGOVMO;;;0;0;0;0;;;;
873398916121;;129;;;"Артикул 129 / Оливка- Оливка";;;https://static.tildacdn.com/tild3663-6336-4563-a366-613131346266/129--.jpg;22.0000;12;;Цвет:Оливка;;oVmbARDBpepoD9E9l5vs;665926763451;;0;0;0;0;;;;
183234640481;;;;;"Артикул 129";"Размеры 42-52";;https://static.tildacdn.com/tild6461-3863-4564-b262-303663323232/129--.jpg;;;;;;9L2otR9mGb0xdCx6GNZj;;;0;0;0;0;;;;
556968701851;;129;;;"Артикул 129 / Пудра- Пудра";;;https://static.tildacdn.com/tild6461-3863-4564-b262-303663323232/129--.jpg;22.0000;12;;Цвет:Пудра;;NAPMTxcpJRDSz7SOuA61;183234640481;;0;0;0;0;;;;
168569221261;;;;;"Артикул 1910";"Размеры 48-56";;https://static.tildacdn.com/tild3239-3333-4166-a563-353565333239/1910_-_.jpg;;;;;;cjoo0YUZpfccrBF1KFYn;;;0;0;0;0;;;;
730946607641;;1910;;;"Артикул 1910 / Морской- Морской";;;https://static.tildacdn.com/tild3239-3333-4166-a563-353565333239/1910_-_.jpg;23.0000;25;;Цвет:Морской;;CkxSHZDZ3GDZZ6YhjjNz;168569221261;;0;0;0;0;;;;
149695319311;;;;;"Артикул 127";"Размеры 42-48";;https://static.tildacdn.com/tild3233-3738-4366-b965-303563653663/127_1.jpg;;;;;;uRPKSZazuVKdGgBVJ6j6;;;0;0;0;0;;;;
965481920161;;127;;;"Артикул 127 / Чёрный- Чёрный";;;https://static.tildacdn.com/tild3233-3738-4366-b965-303563653663/127_1.jpg;21.0000;3;;Цвет:Чёрный;;ECylp3yY3hCAHTMVuPz6;149695319311;;0;0;0;0;;;;
310059611071;;;;;"Юбка 5/520";"Размеры 46-54";Эко-кожа;https://static.tildacdn.com/tild3365-6130-4534-a463-386133333165/5520_0.jpg;;;;;;VyHps74VJbDlIsrV3Mvt;;;0;0;0;0;;;;
429392388281;;5/520;;;"Юбка 5/520 / Бордо- Бордо";;;https://static.tildacdn.com/tild3365-6130-4534-a463-386133333165/5520_0.jpg;13.0000;5;;Цвет:Бордо;;zfl0OSd8lIpuGOulLoAv;310059611071;;0;0;0;0;;;;
344322543301;;;;;"Юбка 5/520";"Размеры 46-54";Эко-кожа;https://static.tildacdn.com/tild6536-3831-4237-b032-353239333739/5_520.jpg;;;;;;JgeuADIvXEAOg2JNb9Hj;;;0;0;0;0;;;;
576710185121;;5/520;;;"Юбка 5/520 / Синий- Синий";;;https://static.tildacdn.com/tild6536-3831-4237-b032-353239333739/5_520.jpg;13.0000;5;;Цвет:Синий;;fXN8YzGmiPokaOzyjVCI;344322543301;;0;0;0;0;;;;
286956049031;;;;;"Артикул 1973";"Размеры 46-54";;https://static.tildacdn.com/tild6233-3066-4437-a238-303235636438/1973_1.jpg;;;;;;VjLTxRi8ccbD87H1eVLb;;;0;0;0;0;;;;
131276145561;;1973;;;"Артикул 1973 / Белый- Белый";;;https://static.tildacdn.com/tild6233-3066-4437-a238-303235636438/1973_1.jpg;21.0000;4;;Цвет:Белый;;YP74OOHg7yyyHbrU4z4V;286956049031;;0;0;0;0;;;;
880259279931;;;;;"Артикул 1962";"Размеры 52, 54";;https://static.tildacdn.com/tild3638-3364-4037-b464-393062356339/__4566_.jpg;;;;;;7L0KvZ59d5cHnRfuFMsS;;"Хлопок 60%, Полиэстер 40%";0;0;0;0;"Женское платье 1611";"Женское платье от белорусских производителей. Подходит как на выход, так и на каждый день. Артикул 1611";;
283078429091;;;;;"Артикул 1954";"Размеры 44-52";;https://static.tildacdn.com/tild6662-6334-4230-a163-393030336262/__4177_.jpg;;;;;;icf0zBHI2F9f910ZUOzh;;"Хлопок 60%, Полиэстер 40%";0;0;0;0;"Женское платье 1611";"Женское платье от белорусских производителей. Подходит как на выход, так и на каждый день. Артикул 1611";;
193143043321;;1954;;;"Артикул 1954 / Хаки- Хаки";;;https://static.tildacdn.com/tild6662-6334-4230-a163-393030336262/__4177_.jpg;23.0000;4;;Цвет:Хаки;;cGdEUEp478ylHY1LEG4A;283078429091;;0;0;0;0;;;;
479215155291;;;;;"Блузка-топ 1907";"Размеры 46-56";;https://static.tildacdn.com/tild6661-6663-4232-b964-356565353166/1907_1.jpg;;;;;;dKx3ZyM2gf2zzsg1nf47;;;0;0;0;0;;;;
534715997351;;1907;;;"Блузка-топ 1907 / Пудра- Пудра";;;https://static.tildacdn.com/tild6661-6663-4232-b964-356565353166/1907_1.jpg;11.0000;24;;Цвет:Пудра;;SL18fhNP5NvTGSuRzr3T;479215155291;;0;0;0;0;;;;
486356104621;;;;;"Блузка-топ 1907";"Размеры 46-56";;https://static.tildacdn.com/tild3737-3732-4262-a539-316461386466/1907_3.jpg;;;;;;J1AG5DuoaDuUKivgE8C7;;;0;0;0;0;;;;
355625603451;;1907;;;"Блузка-топ 1907 / Белый- Белый";;;https://static.tildacdn.com/tild3737-3732-4262-a539-316461386466/1907_3.jpg;11.0000;24;;Цвет:Белый;;u5k41jT1AjnxXhRTIMES;486356104621;;0;0;0;0;;;;
717429224441;;;;;"Блузка-топ 1907";"Размеры 46-56";;https://static.tildacdn.com/tild6163-3732-4438-a235-353961323634/1907_5.jpg;;;;;;ZMnbG8bmM2sRDiU0FLKt;;;0;0;0;0;;;;
924136203021;;1907;;;"Блузка-топ 1907 / Светлый беж- Светлый беж";;;https://static.tildacdn.com/tild6163-3732-4438-a235-353961323634/1907_5.jpg;11.0000;24;;"Цвет:Светлый беж";;OSiBYksbnnyZ9UHI1et1;717429224441;;0;0;0;0;;;;
260586857891;;;;;"Блузка-топ 1907";"Размеры 46-56";;https://static.tildacdn.com/tild3337-3530-4435-b432-383064623236/1907_9.jpg;;;;;;FR5OrpGAmadIV0XtVIM7;;;0;0;0;0;;;;
219365446331;;1907;;;"Блузка-топ 1907 / Черный- Черный";;;https://static.tildacdn.com/tild3337-3530-4435-b432-383064623236/1907_9.jpg;11.0000;24;;Цвет:Черный;;AtmD9kylVynm8tLHbdmL;260586857891;;0;0;0;0;;;;
765122377261;;;;;"Артикул 1853";"Размеры 48-56";;https://static.tildacdn.com/tild6366-3338-4036-a665-343635313339/1853--.jpg;;;;;;2fgNP133uX4FhfeGctsp;;;0;0;0;0;;;;
142757071691;;1853;;;"Артикул 1853 / Черный- Черный";;;https://static.tildacdn.com/tild6366-3338-4036-a665-343635313339/1853--.jpg;33.0000;40;;Цвет:Черный;;Cj1LNvcrkPsKLSKPigrr;765122377261;;0;0;0;0;;;;
993729152521;;;;;"Артикул 1853";"Размеры 48-56";;https://static.tildacdn.com/tild6236-3538-4265-a539-343831376133/__1423_.jpg;;;;;;yDT2NRJdyDVXCfRuzRU4;;;0;0;0;0;;;;
668019837821;;1853;;;"Артикул 1853 / Голубой- Голубой";;;https://static.tildacdn.com/tild6236-3538-4265-a539-343831376133/__1423_.jpg;33.0000;40;;Цвет:Голубой;;TEtg1XYRuOX5toZ3LMrd;993729152521;;0;0;0;0;;;;
268557813061;;;;;"Артикул 1856";"Размеры 42-50";;https://static.tildacdn.com/tild6565-3563-4336-b063-383334666533/1856_4.jpg;;;;;;RE3NuXXJSxuGnGRZeA0J;;;0;0;0;0;;;;
368150919691;;1856;;;"Артикул 1856 / Красный фон- Красный фон";;;https://static.tildacdn.com/tild6565-3563-4336-b063-383334666533/1856_4.jpg;26.0000;12;;"Цвет:Красный фон";;06oud3kC3y1vV7TsKB0H;268557813061;;0;0;0;0;;;;
859901077691;;;;;"Артикул 1724";"Размеры 48-56";;https://static.tildacdn.com/tild3834-3831-4330-b533-393863306263/1724_46.jpg;;;;;;dbtbx4KXKXb5L4x4L3RL;;;0;0;0;0;;;;
539468237391;;1724;;;"Артикул 1724 / Сливовый- Сливовый";;;https://static.tildacdn.com/tild3834-3831-4330-b533-393863306263/1724_46.jpg;20.0000;6;;Цвет:Сливовый;;s0S5CMy95Xk7jciUOLTG;859901077691;;0;0;0;0;;;;
916146366331;;;;;"Артикул 1694";"Размеры 46-56";"Пиджак 1694, брюки 1906";https://static.tildacdn.com/tild6463-3530-4964-a661-323166643632/1694_2_900_1200.jpg;;;;;;A14g5yHrtcZgS7gYO5UB;;;0;0;0;0;;;;
153619116551;;1694;;;"Артикул 1694 / Синий- Синий";;;https://static.tildacdn.com/tild6463-3530-4964-a661-323166643632/1694_2_900_1200.jpg;20.0000;2;;Цвет:Синий;;onknnafPrTmio2iP63r3;916146366331;;0;0;0;0;;;;
119516862041;;;;;"Артикул 1694";"Размеры 46-56";"Пиджак 1694, брюки 1906";https://static.tildacdn.com/tild3432-3732-4931-a430-386331656539/1694_6_900_1200.jpg;;;;;;V7VjsvL9eCE8zkRT85Dg;;;0;0;0;0;;;;
940088016551;;1694;;;"Артикул 1694 / Сливовый- Сливовый";;;https://static.tildacdn.com/tild3432-3732-4931-a430-386331656539/1694_6_900_1200.jpg;20.0000;2;;Цвет:Сливовый;;VThT4rH78xeo0JleSomb;119516862041;;0;0;0;0;;;;
743021076251;;;;;"Артикул 1694";"Размеры 46-56";"Пиджак 1694, брюки 1906";https://static.tildacdn.com/tild3665-3036-4630-b837-386639306539/1694_7_900_1200.jpg;;;;;;pkO5xdCYd3UD24u7tO81;;;0;0;0;0;;;;
804805034641;;1694;;;"Артикул 1694 / Черный- Черный";;;https://static.tildacdn.com/tild3665-3036-4630-b837-386639306539/1694_7_900_1200.jpg;20.0000;2;;Цвет:Черный;;pGKg4b6RsmJA6k32TRLz;743021076251;;0;0;0;0;;;;
829620361681;;;;;"Артикул 1694";"Размеры 46-56";"Пиджак 1694, брюки 1906";https://static.tildacdn.com/tild3939-6461-4866-b965-383863633234/1694--900_1200.jpg;;;;;;mDdN33mm3SXPPxM4ovrf;;;0;0;0;0;;;;
645494720681;;1694;;;"Артикул 1694 / Бутылка- Бутылка";;;https://static.tildacdn.com/tild3939-6461-4866-b965-383863633234/1694--900_1200.jpg;20.0000;2;;Цвет:Бутылка;;RU1Ygy8FobYbgDtsI4iz;829620361681;;0;0;0;0;;;;
148409260951;;;;;"Юбка 147";"Размеры 44-52";;https://static.tildacdn.com/tild6639-6330-4262-b361-393135633137/__1342_.jpg;;;;;;PjJu8ikASyz6Kr1aAhMt;;;0;0;0;0;;;;
490763953501;;147;;;"Юбка 147 / Бежевый- Бежевый";;;https://static.tildacdn.com/tild6639-6330-4262-b361-393135633137/__1342_.jpg;18.0000;0;;Цвет:Бежевый;;EimPMbvEPjZhCDFNEUXT;148409260951;;0;0;0;0;;;;
983147058871;;;;;"Блузка-рубашка 148";"Размеры 50-60";;https://static.tildacdn.com/tild6636-3866-4566-b633-313839616261/__1694_.jpg;;;;;;7a8xOsVX6UMieeLfB4me;;;0;0;0;0;;;;
820896751221;;148;;;"Блузка-рубашка 148 / Голубой- Голубой";;;https://static.tildacdn.com/tild6636-3866-4566-b633-313839616261/__1694_.jpg;15.0000;0;;Цвет:Голубой;;9zybyiUkd5OTOnhYe41N;983147058871;;0;0;0;0;;;;
848998175031;;;;;"Блузка-рубашка 148";"Размеры 50-60";;https://static.tildacdn.com/tild6138-3133-4733-b931-386334356335/__1672_.jpg;;;;;;CNU2m1mFx290XUBN39Je;;;0;0;0;0;;;;
267097798131;;148;;;"Блузка-рубашка 148 / Белый- Белый";;;https://static.tildacdn.com/tild6138-3133-4733-b931-386334356335/__1672_.jpg;15.0000;0;;Цвет:Белый;;6v8VLjDCjYK5sxOyfEtu;848998175031;;0;0;0;0;;;;
938257718411;;;;;"Артикул 2016";"Размеры 42-52";;https://static.tildacdn.com/tild3465-3134-4161-b539-346539386533/__1008_.jpg;;;;;;tBo4bzUiLVOHbn2iFvCI;;;0;0;0;0;;;;
399766932091;;2016;;;"Артикул 2016 / Синий- Синий";;;https://static.tildacdn.com/tild3965-6365-4138-a532-663233346539/__1012_.jpg;25.0000;0;;Цвет:Синий;;YSTCKA8mvZtD4tgUo6KK;938257718411;;0;0;0;0;;;;
468751499221;;;;;"Артикул 2016";"Размеры 42-52";;https://static.tildacdn.com/tild3839-3333-4463-a166-313735376563/__1024_.jpg;;;;;;MeJRPNnFnaabJCU19EvY;;;0;0;0;0;;;;
737352666941;;2016;;;"Артикул 2016 / Бежевый- Бежевый";;;https://static.tildacdn.com/tild3839-3333-4463-a166-313735376563/__1024_.jpg;25.0000;0;;Цвет:Бежевый;;oopLKa12otH0oUBhCzla;468751499221;;0;0;0;0;;;;
541907681351;;;;;"Блузка 2029";"Размеры 46-54";;https://static.tildacdn.com/tild3239-3936-4433-b931-356239663439/__1334_.jpg;;;;;;NDTdMUR7ZnrUMtCBcnjg;;;0;0;0;0;;;;
967394560801;;2029;;;"Блузка 2029 / В точечку- В точечку";;;https://static.tildacdn.com/tild3239-3936-4433-b931-356239663439/__1334_.jpg;10.0000;0;;"Цвет:В точечку";;GZjAKba2M2IhMu683hHh;541907681351;;0;0;0;0;;;;
378143322871;;;;;"Артикул 2027";"Размеры 46-52";;https://static.tildacdn.com/tild3366-6434-4562-b131-663931363535/__1565_.jpg;;;;;;78HSdOtiEPfck84zaCFj;;;0;0;0;0;;;;
430965812681;;2027;;;"Артикул 2027 / Бирюза- Бирюза";;;https://static.tildacdn.com/tild3366-6434-4562-b131-663931363535/__1565_.jpg;21.0000;0;;Цвет:Бирюза;;OIToeCJOIJTJaMrtAinM;378143322871;;0;0;0;0;;;;
979538011151;;;;;"Артикул 2027";"Размеры 46-52";;https://static.tildacdn.com/tild6139-3634-4561-b834-313764306138/__1574_.jpg;;;;;;GrCVmXAUP9jHXUNUcgF2;;;0;0;0;0;;;;
243391528101;;2027;;;"Артикул 2027 / Красный- Красный";;;https://static.tildacdn.com/tild6139-3634-4561-b834-313764306138/__1574_.jpg;21.0000;0;;Цвет:Красный;;alCF6GZo4fzMDKPtc57z;979538011151;;0;0;0;0;;;;
520469193851;;;;;"Артикул 149";"Размеры 48-54";;https://static.tildacdn.com/tild3934-3635-4535-b663-393566333765/__1078_.jpg;;;;;;NF3u1XpPgC867oXuUy0z;;;0;0;0;0;;;;
235768391741;;149;;;"Артикул 149 / Синий- Синий";;;https://static.tildacdn.com/tild3934-3635-4535-b663-393566333765/__1078_.jpg;23.0000;0;;Цвет:Синий;;Hmrky2mx7Jn4oJJhrTs2;520469193851;;0;0;0;0;;;;
856696754921;;;;;"Костюм 2028";"Размеры 46-54";;https://static.tildacdn.com/tild3864-3832-4232-b335-373635343466/__1221_.jpg;;;;;;YX3KsaGy1PMXuAzSpzG4;;;0;0;0;0;;;;
734679620301;;2028;;;"Костюм 2028 / Светло-бежевый- Светло-бежевый";;;https://static.tildacdn.com/tild3864-3832-4232-b335-373635343466/__1221_.jpg;30.0000;0;;Цвет:Светло-бежевый;;GnMdRpIm8LaPliv1ies2;856696754921;;0;0;0;0;;;;
447626901321;;;;;"Костюм 2028";"Размеры 46-54";;https://static.tildacdn.com/tild3932-6164-4332-a631-633737663764/__1235_.jpg;;;;;;gl7zN1p5zp1sMrcMdL7u;;;0;0;0;0;;;;
662042832541;;2028;;;"Костюм 2028 / Черный- Черный";;;https://static.tildacdn.com/tild3932-6164-4332-a631-633737663764/__1235_.jpg;30.0000;0;;Цвет:Черный;;pVDsZAey0NSZzxi7yzlF;447626901321;;0;0;0;0;;;;
117130746311;;;;;"Костюм 2028";"Размеры 46-54";;https://static.tildacdn.com/tild3462-6466-4663-b937-616362646632/__1304_.jpg;;;;;;mUGRJ8NzVViljynfHflo;;;0;0;0;0;;;;
797444616181;;2028;;;"Костюм 2028 / Темно-бежевый- Темно-бежевый";;;https://static.tildacdn.com/tild3462-6466-4663-b937-616362646632/__1304_.jpg;30.0000;0;;Цвет:Темно-бежевый;;TaO0rpvPM2Z4Y36pgsEl;117130746311;;0;0;0;0;;;;
760273161241;;;;;"Артикул 1665";"Размеры 50-58";;https://static.tildacdn.com/tild3735-6532-4461-b761-616262646438/photo_2021-03-17_121.jpeg;;;;;;KmX9FAN1F5EA58FdutHp;;;0;0;0;0;;;;
422784179221;;;;;"Артикул 1910";"Размеры 50-58";;https://static.tildacdn.com/tild3361-3266-4466-b065-353638373536/1910--900-1200.jpg;;;;;;7P10GuMf9tFZi4cZNE2r;;;0;0;0;0;;;;
834603573071;;1910;;;"Артикул 1910 / Оливка с золотом- Оливка с золотом";;;https://static.tildacdn.com/tild3361-3266-4466-b065-353638373536/1910--900-1200.jpg;23.0000;24;;"Цвет:Оливка с золотом";;VRFgeL5gpNfdPK4R6Tr9;422784179221;;0;0;0;0;;;;
127486199661;;;;;"Артикул 1923";"Размеры 44-52";;https://static.tildacdn.com/tild3962-3439-4665-b535-363565306566/1923_900_1200_c.jpeg;;;;;;sMFERFs5gf6fhEPcKFzr;;"Хлопок 60%, Полиэстер 40%";0;0;0;0;"Женское платье 1611";"Женское платье от белорусских производителей. Подходит как на выход, так и на каждый день. Артикул 1611";;
372723088961;;1923;;;"Артикул 1923 / Синий в белую полоску- Синий в белую полоску";;;https://static.tildacdn.com/tild3962-3439-4665-b535-363565306566/1923_900_1200_c.jpeg;26.0000;1;;"Цвет:Синий в белую полоску";;vHapna0TaGUNXYBpEkxe;127486199661;;0;0;0;0;;;;
642630755811;;;;;"Артикул 1843";"Размеры 52-60";;https://static.tildacdn.com/tild6630-6233-4130-b732-666464376630/1843_.jpeg;;;;;;o9cpBrI897kfRUz4P8lS;;"Хлопок 60%, Полиэстер 40%";0;0;0;0;"Женское платье 1611";"Женское платье от белорусских производителей. Подходит как на выход, так и на каждый день. Артикул 1611";;
811706048651;;1843;;;"Артикул 1843 / Черный с золотыми элементами- Черный с золотыми элементами";;;https://static.tildacdn.com/tild6630-6233-4130-b732-666464376630/1843_.jpeg;26.0000;1;;"Цвет:Черный с золотыми элементами";;H2u5dcnNG4rguYONHAEC;642630755811;;0;0;0;0;;;;
808705175301;;;;;"Артикул 1843";"Размеры 52-60";;https://static.tildacdn.com/tild3564-3932-4932-b264-313439313339/1843--900-1200_.jpeg;;;;;;YXVhYoFF2u0R3ob316Ho;;"Хлопок 60%, Полиэстер 40%";0;0;0;0;"Женское платье 1611";"Женское платье от белорусских производителей. Подходит как на выход, так и на каждый день. Артикул 1611";;
638800155471;;1843;;;"Артикул 1843 / Оливка с золотыми элементами- Оливка с золотыми элементами";;;https://static.tildacdn.com/tild3564-3932-4932-b264-313439313339/1843--900-1200_.jpeg;26.0000;1;;"Цвет:Оливка с золотыми элементами";;BpHAbASyA0GLsETEKU08;808705175301;;0;0;0;0;;;;
955135203431;;;;;"Юбка 147";"Размеры 44-52";;https://static.tildacdn.com/tild3065-3361-4536-b438-316364373864/147-900-1200-_.jpeg;;;;;;rzHvdjJfLLR7lCIP4iFy;;;0;0;0;0;;;;
725242371621;;147;;;"Юбка 147 / Брусника- Брусника";;;https://static.tildacdn.com/tild3065-3361-4536-b438-316364373864/147-900-1200-_.jpeg;18.0000;0;;Цвет:Брусника;;sR5F2OIjycRPkvoBTzsM;955135203431;;0;0;0;0;;;;
233797230351;;;;;"Артикул 1922";"Размеры 46-54";;https://static.tildacdn.com/tild3133-3633-4731-a264-653030653865/1922--900-1200.jpg;;;;;;PI1abiHzJNd1oLBulFRe;;"Хлопок 60%, Полиэстер 40%";0;0;0;0;"Женское платье 1611";"Женское платье от белорусских производителей. Подходит как на выход, так и на каждый день. Артикул 1611";;
305126342011;;1923;;;"Артикул 1922 / Бежевый- Бежевый";;;https://static.tildacdn.com/tild3133-3633-4731-a264-653030653865/1922--900-1200.jpg;21.0000;1;;Цвет:Бежевый;;9xjIETZaemt5NzxZzCEe;233797230351;;0;0;0;0;;;;
958936649271;;;;;"Блузка-рубашка 148";"Размеры 50-60";;https://static.tildacdn.com/tild3665-3264-4834-a639-616137616532/148__900_1200.jpg;;;;;;sijLSEcB6N5FOIrzOy70;;;0;0;0;0;;;;
596228861761;;148;;;"Блузка-рубашка 148 / Хаки- Хаки";;;https://static.tildacdn.com/tild3665-3264-4834-a639-616137616532/148__900_1200.jpg;15.0000;0;;Цвет:Хаки;;zNrtGXsRPF2eLLDRAgKJ;958936649271;;0;0;0;0;;;;
668432199441;;;;;"Артикул 2008";"Размеры 48-56";;https://static.tildacdn.com/tild3935-3939-4661-a265-343164343033/photo_2021-03-17_132.jpeg;;;;;;XNcr092hUNizCXONPFYl;;;0;0;0;0;;;;
582671794491;;2008;;;"Артикул 2008 / Светлый беж- Светлый беж";;;https://static.tildacdn.com/tild3935-3939-4661-a265-343164343033/photo_2021-03-17_132.jpeg;22.0000;15;;"Цвет:Светлый беж";;0bpDTcOZ9pMeDC5OVddF;668432199441;;0;0;0;0;;;;
879472786421;;;;;"Блузка 1874";"Размеры 48-56";;https://static.tildacdn.com/tild6161-3636-4230-b464-613465383230/1937--900-1200_.jpeg;;;;;;TX7ytc2YOcPuPAi2c2X5;;;0;0;0;0;;;;
381308730821;;1874;;;"Блузка 1874 / Черный с белыми мазками- Черный с белыми мазками";;;https://static.tildacdn.com/tild6161-3636-4230-b464-613465383230/1937--900-1200_.jpeg;15.0000;0;;"Цвет:Черный с белыми мазками";;9iERtrTiieoljO4SCRB0;879472786421;;0;0;0;0;;;;
760012107831;;;;;"Блузка 1937";"Размеры 46-56";;https://static.tildacdn.com/tild3130-3166-4932-a461-656434663564/1937-----900-1200_.jpeg;;;;;;o1fPe7x8lbpYmbjTUzbt;;;0;0;0;0;;;;
426368835551;;1937;;;"Блузка 1937 / Белая с черными мазками- Белая с черными мазками";;;https://static.tildacdn.com/tild3130-3166-4932-a461-656434663564/1937-----900-1200_.jpeg;15.0000;0;;"Цвет:Белая с черными мазками";;KXjo0IunydjFlx6xAIYy;760012107831;;0;0;0;0;;;;
163137579611;;;;;"Артикул 1932";"Размеры 42-50";;https://static.tildacdn.com/tild6262-6365-4136-a363-393036666138/1932---900-1200_.jpeg;;;;;;KpDGc6ZvZxgA0xhSRfy6;;"Хлопок 60%, Полиэстер 40%";0;0;0;0;"Женское платье 1611";"Женское платье от белорусских производителей. Подходит как на выход, так и на каждый день. Артикул 1611";;
780073505531;;1932;;;"Артикул 1932 / Хаки в горошек- Хаки в горошек";;;https://static.tildacdn.com/tild6262-6365-4136-a363-393036666138/1932---900-1200_.jpeg;23.0000;10;;"Цвет:Хаки в горошек";;5LU1Izf8yZUEv65ToSHx;163137579611;;0;0;0;0;;;;
527103098061;;;;;"Рубашка 138";"Размеры 46-60";;https://static.tildacdn.com/tild6431-3230-4335-b134-313662616366/138_16__900_1200_.jpeg;;;;;;UVn9onLBRdJhXZKg4Gjn;;;0;0;0;0;;;;
826891020131;;138;;;"Рубашка 138 / Хаки- Хаки";;;https://static.tildacdn.com/tild6431-3230-4335-b134-313662616366/138_16__900_1200_.jpeg;15.0000;27;;Цвет:Хаки;;Zcj12zFeMgkEPGRrZedk;527103098061;;0;0;0;0;;;;
881074059411;;;;;"Рубашка 138";"Размеры 46-60";;https://static.tildacdn.com/tild3835-3235-4635-b766-313064646130/138_16__900_1200_.jpeg;;;;;;lJsrsC7HokD14p1sN5ts;;;0;0;0;0;;;;
307732110881;;138;;;"Рубашка 138 / Оранжевый- Оранжевый";;;https://static.tildacdn.com/tild3835-3235-4635-b766-313064646130/138_16__900_1200_.jpeg;15.0000;27;;Цвет:Оранжевый;;CVSFeHzvZm0Zeo3TtVOg;881074059411;;0;0;0;0;;;;
634618908811;;;;;"Рубашка 138";"Размеры 46-60";;https://static.tildacdn.com/tild6335-3533-4464-a234-366664343962/138_16___900_1200_.jpeg;;;;;;Du6Tu3xEvs7r7PPf48tI;;;0;0;0;0;;;;
687928001911;;138;;;"Рубашка 138 / Светло-желтый- Светло-желтый";;;https://static.tildacdn.com/tild6335-3533-4464-a234-366664343962/138_16___900_1200_.jpeg;15.0000;27;;Цвет:Светло-желтый;;PEATAthTejxelpHLVCOu;634618908811;;0;0;0;0;;;;
710152969331;;;;;"Артикул 2007";"Размеры 42-50";;https://static.tildacdn.com/tild6165-6138-4162-a630-313138393231/2007--900-1200.jpg;;;;;;HLzfMUxKTponLBNiTlCO;;;0;0;0;0;;;;
542744705851;;2007;;;"Артикул 2007 / Оливка с золотыми элементами- Оливка с золотыми элементами";;;https://static.tildacdn.com/tild6165-6138-4162-a630-313138393231/2007--900-1200.jpg;24.0000;39;;"Цвет:Оливка с золотыми элементами";;IFNooeUHugo8x8b12EXF;710152969331;;0;0;0;0;;;;
563077642761;;;;;"Артикул 2007";"Размеры 42-50";;https://static.tildacdn.com/tild6264-3866-4364-b966-633737666232/2007---900-1200_.jpeg;;;;;;p0Hu1Zo1jRaibVERJ1Vz;;;0;0;0;0;;;;
705196254251;;2007;;;"Артикул 2007 / Светлый беж с золотыми элементами- Светлый беж с золотыми элементами";;;https://static.tildacdn.com/tild6264-3866-4364-b966-633737666232/2007---900-1200_.jpeg;24.0000;39;;"Цвет:Светлый беж с золотыми элементами";;EVgll1T0ZJZLA2VUILlm;563077642761;;0;0;0;0;;;;
684914800291;;;;;"Артикул 129";"Размеры 42-52";;https://static.tildacdn.com/tild3738-3738-4432-a538-396535373766/129----900-1200.jpg;;;;;;0LCZhnZofHaXc0Dax5lC;;;0;0;0;0;;;;
178599647331;;129;;;"Артикул 129 / Оливка в кружочки- Оливка в кружочки";;;https://static.tildacdn.com/tild3738-3738-4432-a538-396535373766/129----900-1200.jpg;22.0000;12;;"Цвет:Оливка в кружочки";;9dnstGgxu05aR9Pflxip;684914800291;;0;0;0;0;;;;
134563192141;;;;;"Блузка 1998";"Размеры 46-54";;https://static.tildacdn.com/tild3331-3536-4463-b133-656431613030/1998__550_868.jpeg;;;;;;C6g2g4UbR3JoL08nJ1yU;;;0;0;0;0;;;;
533273982371;;1998;;;"Блузка 1998 / Черный- Черный";;;https://static.tildacdn.com/tild3331-3536-4463-b133-656431613030/1998__550_868.jpeg;15.0000;23;;Цвет:Черный;;sDiua6YSBT023JDdd08V;134563192141;;0;0;0;0;;;;
209538124501;;;;;"Артикул 137";"Размеры 44-52";;https://static.tildacdn.com/tild6437-3561-4662-b335-373237316530/137--_.jpeg;;;;;;el3eRfBmhTDhMbuUBv86;;;0;0;0;0;;;;
510962531531;;137;;;"Артикул 137 / Джинс- Джинс";;;https://static.tildacdn.com/tild6437-3561-4662-b335-373237316530/137--_.jpeg;24.0000;0;;Цвет:Джинс;;8Y6Ne1aJKPLtN0EiF1F9;209538124501;;0;0;0;0;;;;
377883579591;;;;;"Артикул 137";"Размеры 44-52";;https://static.tildacdn.com/tild3434-3033-4433-b262-366335613266/137--_.jpeg;;;;;;dHr5xevXi84BdB6ZfaIT;;;0;0;0;0;;;;
124475357301;;137;;;"Артикул 137 / Оливка- Оливка";;;https://static.tildacdn.com/tild3434-3033-4433-b262-366335613266/137--_.jpeg;24.0000;0;;Цвет:Оливка;;XBpD4nXtVCnZzktHZuKo;377883579591;;0;0;0;0;;;;
309394676621;;;;;"Артикул 137";"Размеры 44-52";;https://static.tildacdn.com/tild3264-6438-4930-b363-643935303936/137--_.jpeg;;;;;;0tok0Jkl0m6x6sCFE78I;;;0;0;0;0;;;;
502484461851;;137;;;"Артикул 137 / Пудра- Пудра";;;https://static.tildacdn.com/tild3264-6438-4930-b363-643935303936/137--_.jpeg;24.0000;0;;Цвет:Пудра;;nmu97jcmrYEX8oNMOTLr;309394676621;;0;0;0;0;;;;
356352506111;;;;;"Артикул 1940";"Размеры 46-54";;https://static.tildacdn.com/tild3939-3730-4162-b339-333761636234/1940_0.jpg;;;;;;bMMG6TxucLcAL25Ru4cO;;"Хлопок 60%, Полиэстер 40%";0;0;0;0;"Женское платье 1611";"Женское платье от белорусских производителей. Подходит как на выход, так и на каждый день. Артикул 1611";;
829424796931;;1940;;;"Артикул 1940 / Светлая в полоску- Светлая в полоску";;;https://static.tildacdn.com/tild3939-3730-4162-b339-333761636234/1940_0.jpg;24.0000;1;;"Цвет:Светлая в полоску";;nVhgFUy1bpYZu5JNr5fK;356352506111;;0;0;0;0;;;;
